F_BUS,T_BUS,BR_R,BR_X,BR_B,RATE_A,RATE_B,RATE_C,TAP,SHIFT,BR_STATUS,ANGMIN,ANGMAX,PF,QF,PT,QT
1,4,0,0.0576,0,250,250,250,0,0,1,-360,360,67,0,-67,0
4,5,0.017,0.092,0.158,250,250,250,0,0,1,-360,360,28.9673913,0,-28.9673913,0
5,6,0.039,0.17,0.358,150,150,150,0,0,1,-360,360,-61.0326087,0,61.0326087,0
3,6,0,0.0586,0,300,300,300,0,0,1,-360,360,85,0,-85,0
6,7,0.0119,0.1008,0.209,150,150,150,0,0,1,-360,360,23.9673913,0,-23.9673913,0
7,8,0.0085,0.072,0.149,250,250,250,0,0,1,-360,360,-76.0326087,0,76.0326087,0
8,2,0,0.0625,0,250,250,250,0,0,1,-360,360,-163,0,163,0
8,9,0.032,0.161,0.306,250,250,250,0,0,1,-360,360,86.9673913,0,-86.9673913,0
9,4,0.01,0.085,0.176,250,250,250,0,0,1,-360,360,-38.0326087,0,38.0326087,0
