F_BUS,T_BUS,BR_R,BR_X,BR_B,RATE_A,RATE_B,RATE_C,TAP,SHIFT,BR_STATUS,ANGMIN,ANGMAX,PF,QF,PT,QT,MU_SF,MU_ST,MU_ANGMIN,MU_ANGMAX
1,4,0,0.0576,0,250,250,250,0,0,1,-360,360,89.6981889,-0.49946898,-89.6981889,4.5836211,0,0,0,0
4,5,0.017,0.092,0.158,250,250,250,0,0,1,-360,360,34.7061795,-13.9085662,-34.5225737,-3.05893969,0,0,0,0
5,6,0.039,0.17,0.358,150,150,150,0,0,1,-360,360,-55.4774262,-26.9410603,56.5491534,-10.3782629,0,0,0,0
3,6,0,0.0586,0,300,300,300,0,0,1,-360,360,94.2971685,-0.713203724,-94.2971685,5.03187998,0,0,0,0
6,7,0.0119,0.1008,0.209,150,150,150,0,0,1,-360,360,37.7480151,5.34638297,-37.5760451,-28.7209955,0,0,0,0
7,8,0.0085,0.072,0.149,250,250,250,0,0,1,-360,360,-62.4239548,-6.27900452,62.7083931,-8.75460388,0,0,0,0
8,2,0,0.0625,0,250,250,250,0,0,1,-360,360,-134.471741,12.6163451,134.471741,-2.91423785,0,0,0,0
8,9,0.032,0.161,0.306,250,250,250,0,0,1,-360,360,71.763348,-3.86174117,-70.3066701,-23.5574551,0,0,0,0
9,4,0.01,0.085,0.176,250,250,250,0,0,1,-360,360,-54.6933297,-26.4425449,54.9920094,9.32494512,0,0,0,0
