F_BUS,T_BUS,BR_R,BR_X,BR_B,RATE_A,RATE_B,RATE_C,TAP,SHIFT,BR_STATUS,ANGMIN,ANGMAX,PF,QF,PT,QT,MU_SF,MU_ST,MU_ANGMIN,MU_ANGMAX
1,4,0,0.0576,0,250,250,250,0,0,1,-360,360,86.5644979,0,-86.5644979,0,0,0,0,0
4,5,0.017,0.092,0.158,250,250,250,0,0,1,-360,360,33.7377475,0,-33.7377475,0,0,0,0,0
5,6,0.039,0.17,0.358,150,150,150,0,0,1,-360,360,-56.2622525,0,56.2622525,0,0,0,0,0
3,6,0,0.0586,0,300,300,300,0,0,1,-360,360,94.0579165,0,-94.0579165,0,0,0,0,0
6,7,0.0119,0.1008,0.209,150,150,150,0,0,1,-360,360,37.795664,0,-37.795664,0,0,0,0,0
7,8,0.0085,0.072,0.149,250,250,250,0,0,1,-360,360,-62.204336,0,62.204336,0,0,0,0,0
8,2,0,0.0625,0,250,250,250,0,0,1,-360,360,-134.377586,0,134.377586,0,0,0,0,0
8,9,0.032,0.161,0.306,250,250,250,0,0,1,-360,360,72.1732496,0,-72.1732496,0,0,0,0,0
9,4,0.01,0.085,0.176,250,250,250,0,0,1,-360,360,-52.8267504,0,52.8267504,0,0,0,0,0
