BUS_I,BUS_TYPE,PD,QD,GS,BS,BUS_AREA,VM,VA,BASE_KV,ZONE,VMAX,VMIN
1,3,0,0,0,0,1,1.04,0,345,1,1.1,0.9
2,2,0,0,0,0,1,1.025,9.28000548,345,1,1.1,0.9
3,2,0,0,0,0,1,1.025,4.66475133,345,1,1.1,0.9
4,1,0,0,0,0,1,1.02578839,-2.2167878,345,1,1.1,0.9
5,1,90,30,0,0,1,1.01265432,-3.68739617,345,1,1.1,0.9
6,1,0,0,0,0,1,1.03235295,1.96671607,345,1,1.1,0.9
7,1,100,35,0,0,1,1.01588258,0.727536077,345,1,1.1,0.9
8,1,0,0,0,0,1,1.02576937,3.71970115,345,1,1.1,0.9
9,1,125,50,0,0,1,0.995630858,-3.98880527,345,1,1.1,0.9
