BUS_I,BUS_TYPE,PD,QD,GS,BS,BUS_AREA,VM,VA,BASE_KV,ZONE,VMAX,VMIN,LAM_P,LAM_Q,MU_VMAX,MU_VMIN
1,3,0,0,0,0,1,1,0,345,1,1.1,0.9,24.0441895,0,0,0
2,2,0,0,0,0,1,1,6.04018033,345,1,1.1,0.9,24.0441895,0,0,0
3,2,0,0,0,0,1,1,4.00290602,345,1,1.1,0.9,24.0441895,0,0,0
4,1,0,0,0,0,1,1,-2.8568335,345,1,1.1,0.9,24.0441895,0,0,0
5,1,90,30,0,0,1,1,-4.6352216,345,1,1.1,0.9,24.0441895,0,0,0
6,1,0,0,0,0,1,1,0.844880738,345,1,1.1,0.9,24.0441895,0,0,0
7,1,100,35,0,0,1,1,-1.33797555,345,1,1.1,0.9,24.0441895,0,0,0
8,1,0,0,0,0,1,1,1.22813751,345,1,1.1,0.9,24.0441895,0,0,0
9,1,125,50,0,0,1,1,-5.42957087,345,1,1.1,0.9,24.0441895,0,0,0
