BUS_I,BUS_TYPE,PD,QD,GS,BS,BUS_AREA,VM,VA,BASE_KV,ZONE,VMAX,VMIN
1,3,0,0,0,0,1,1,0,345,1,1.1,0.9
2,2,0,0,0,0,1,1,9.79601886,345,1,1.1,0.9
3,2,0,0,0,0,1,1,5.06056005,345,1,1.1,0.9
4,1,0,0,0,0,1,1,-2.21115872,345,1,1.1,0.9
5,1,90,30,0,0,1,1,-3.73809125,345,1,1.1,0.9
6,1,0,0,0,0,1,1,2.20665727,345,1,1.1,0.9
7,1,100,35,0,0,1,1,0.822441057,345,1,1.1,0.9
8,1,0,0,0,0,1,1,3.95901132,345,1,1.1,0.9
9,1,125,50,0,0,1,1,-4.06340049,345,1,1.1,0.9
