BUS_I,BUS_TYPE,PD,QD,GS,BS,BUS_AREA,VM,VA,BASE_KV,ZONE,VMAX,VMIN,LAM_P,LAM_Q,MU_VMAX,MU_VMIN
1,3,0,0,0,0,1,1.06524792,0,345,1,1.1,0.9,24.7335996,-0.199787615,0,0
2,2,0,0,0,0,1,1.07954305,4.82637516,345,1,1.1,0.9,24.0601954,-0.291423812,0,0
3,2,0,0,0,0,1,1.09846079,2.85110038,345,1,1.1,0.9,24.1028043,-0.427922234,0.198859754,0
4,1,0,0,0,0,1,1.06662129,-2.60625933,345,1,1.1,0.9,24.7154557,-0.198856497,0,0
5,1,90,30,0,0,1,1.06577703,-4.25796528,345,1,1.1,0.9,24.9497143,-0.247763744,0,0
6,1,0,0,0,0,1,1.09999214,0.229923914,345,1,1.1,0.9,24.0637254,-0.425731708,62.1086207,0
7,1,100,35,0,0,1,1.07991585,-1.50233932,345,1,1.1,0.9,24.2175891,-0.318329023,0,0
8,1,0,0,0,0,1,1.08402943,0.707992669,345,1,1.1,0.9,24.0185144,-0.287505234,0,0
9,1,125,50,0,0,1,1.04689937,-4.90608381,345,1,1.1,0.9,24.9553265,-0.114241195,0,0
