GEN_BUS,PG,QG,QMAX,QMIN,VG,MBASE,GEN_STATUS,PMAX,PMIN,PC1,PC2,QC1MIN,QC1MAX,QC2MIN,QC2MAX,RAMP_AGC,RAMP_10,RAMP_30,RAMP_Q,APF
1,71.6410215,27.0459235,300,-300,1.04,100,1,250,10,0,0,0,0,0,0,0,0,0,0,0
2,163,6.65366032,300,-300,1.025,100,1,300,10,0,0,0,0,0,0,0,0,0,0,0
3,85,-10.8597091,300,-300,1.025,100,1,270,10,0,0,0,0,0,0,0,0,0,0,0
