GEN_BUS,PG,QG,QMAX,QMIN,VG,MBASE,GEN_STATUS,PMAX,PMIN,PC1,PC2,QC1MIN,QC1MAX,QC2MIN,QC2MAX,RAMP_AGC,RAMP_10,RAMP_30,RAMP_Q,APF,MU_PMAX,MU_PMIN,MU_QMAX,MU_QMIN
1,89.7986138,12.9387359,300,-300,1.09995086,100,1,250,10,0,0,0,0,0,0,0,0,0,0,0,0,0,0,0
2,134.320652,0.0477295055,300,-300,1.09736288,100,1,300,10,0,0,0,0,0,0,0,0,0,0,0,0,0,0,0
3,94.1874386,-22.6197302,300,-300,1.08662735,100,1,270,10,0,0,0,0,0,0,0,0,0,0,0,0,0,0,0
