GEN_BUS,PG,QG,QMAX,QMIN,VG,MBASE,GEN_STATUS,PMAX,PMIN,PC1,PC2,QC1MIN,QC1MAX,QC2MIN,QC2MAX,RAMP_AGC,RAMP_10,RAMP_30,RAMP_Q,APF,MU_PMAX,MU_PMIN,MU_QMAX,MU_QMIN
1,89.6981891,-0.499469029,300,-300,1.06524792,100,1,250,10,0,0,0,0,0,0,0,0,0,0,0,0,0,0,0
2,134.471741,-2.91423791,300,-300,1.07954305,100,1,300,10,0,0,0,0,0,0,0,0,0,0,0,0,0,0,0
3,94.2971685,-0.713203715,300,-300,1.09846079,100,1,270,10,0,0,0,0,0,0,0,0,0,0,0,0,0,0,0
